fortnight,Average_Distance,Average_Fare
5,5.556944935850653,21.120920554171548
